time,lane,type
0,3,0
0,0,0
0,1,0
83,2,0
166,0,0
250,2,0
250,0,0
250,3,0
333,1,0
416,1,0
416,0,0
499,1,0
499,0,0
499,3,0
583,1,0
666,2,0
666,3,0
666,0,0
750,0,0
750,3,0
833,2,0
833,0,0
916,3,0
916,0,0
916,1,0
1000,1,0
1000,3,0
1000,2,0
1083,3,0
1166,1,0
1166,0,0
1250,1,0
1333,0,0
1333,2,0
1416,0,0
1416,3,0
1499,3,0
1499,0,0
1583,2,0
1583,0,0
1583,1,0
1666,1,0
1666,2,0
1666,3,0
1749,1,0
1749,0,0
1833,1,0
1833,0,0
1916,1,0
1916,2,0
1999,3,0
1999,1,0
2083,3,0
2166,1,0
2249,1,0
2333,3,0
2333,1,0
2333,2,0
2416,1,0
2416,0,0
2500,1,0
2583,0,0
2583,2,0
2583,3,0
2666,0,0
2750,0,0
2833,1,0
2833,3,0
2833,2,0
2916,0,0
2916,2,0
3000,3,0
3000,1,0
3083,1,0
3166,0,0
3166,3,0
3250,1,0
3333,2,0
3333,1,0
3416,3,0
3416,0,0
3500,0,0
3500,3,0
3583,3,0
3666,0,0
3666,1,0
3666,2,0
3750,3,0
3833,1,0
3916,0,0
4000,3,0
4083,3,0
4083,2,0
4166,3,0
4250,1,0
4333,1,0
4333,3,0
4416,3,0
4416,2,0
4500,1,0
4583,3,0
4666,0,0
4666,3,0
4666,2,0
4750,3,0
4750,2,0
4833,0,0
4833,1,0
4916,1,0
5000,1,0
5000,0,0
5000,2,0
5083,1,0
5083,3,0
5166,2,0
5166,3,0
5249,1,0
5333,3,0
5416,1,0
5416,3,0
5416,0,0
5499,0,0
5499,1,0
5499,3,0
5583,0,0
5666,3,0
5666,1,0
5749,0,0
5749,3,0
5749,2,0
5833,2,0
5833,1,0
5916,0,0
5999,2,0
5999,1,0
5999,0,0
6083,2,0
6166,1,0
6249,1,0
6249,3,0
6333,0,0
6416,0,0
6499,2,0
6583,1,0
6583,0,0
6583,2,0
6666,1,0
6666,0,0
6666,2,0
6749,0,0
6749,1,0
6833,2,0
6833,0,0
6833,1,0
6916,1,0
6916,3,0
6916,0,0
6999,2,0
6999,1,0
6999,3,0
7083,3,0
7083,0,0
7083,1,0
7166,1,0
7249,3,0
7249,2,0
7249,1,0
7333,3,0
7333,2,0
7416,0,0
7416,2,0
7499,1,0
7499,0,0
7499,3,0
7583,1,0
7583,3,0
7666,1,0
7749,3,0
7749,2,0
7749,0,0
7833,1,0
7916,2,0
7916,1,0
7999,2,0
7999,3,0
7999,1,0
8083,2,0
8083,1,0
8083,3,0
8166,1,0
8166,0,0
8249,3,0
8249,0,0
8249,2,0
8333,2,0
8416,0,0
8499,0,0
8499,2,0
8499,3,0
8583,1,0
8666,2,0
8666,1,0
8749,0,0
8749,3,0
8833,1,0
8916,1,0
8999,0,0
8999,1,0
9083,3,0
9166,2,0
9166,0,0
9249,2,0
9249,0,0
9333,1,0
9333,2,0
9416,0,0
9416,2,0
9499,0,0
9499,2,0
9499,3,0
9583,1,0
9583,2,0
9583,3,0
9666,2,0
9666,0,0
9666,1,0
9750,2,0
9833,2,0
9833,0,0
9833,1,0
9916,1,0
9916,3,0
9916,2,0
10000,1,0
10000,3,0
10083,3,0
10083,1,0
10166,2,0
10166,0,0
10250,0,0
10250,1,0
10333,3,0
10416,2,0
10416,0,0
10500,0,0
10583,2,0
10666,2,0
10750,2,0
10833,0,0
10833,2,0
10916,2,0
10916,1,0
11000,0,0
11000,3,0
11083,0,0
11166,0,0
11166,2,0
11250,3,0
11333,3,0
11333,1,0
11416,0,0
11500,2,0
11583,0,0
11583,2,0
11666,0,0
11750,2,0
11833,3,0
11833,0,0
11833,2,0
11916,0,0
11916,3,0
12000,1,0
12000,2,0
12083,1,0
12166,3,0
12166,0,0
12166,2,0
12250,1,0
12250,3,0
12333,2,0
12416,1,0
12500,3,0
12583,2,0
12666,1,0
12750,3,0
12833,2,0
12916,2,0
12916,0,0
13000,0,0
13000,3,0
13083,3,0
13166,2,0
13250,2,0
13250,1,0
13250,3,0
13333,2,0
13416,2,0
13416,1,0
13500,2,0
13500,0,0
13583,3,0
13666,2,0
13666,0,0
13750,2,0
13750,0,0
13833,0,0
13916,1,0
13916,2,0
14000,3,0
14083,0,0
14166,3,0
14250,2,0
14250,3,0
14333,0,0
14416,0,0
14416,2,0
14500,1,0
14583,1,0
14666,2,0
14666,1,0
14750,0,0
14750,1,0
14750,2,0
14833,0,0
14833,3,0
14916,3,0
15000,3,0
15000,2,0
15083,2,0
15166,0,0
15166,3,0
15166,2,0
15250,0,0
15250,3,0
15333,2,0
15416,2,0
15500,1,0
15500,3,0
15583,3,0
15583,1,0
15583,0,0
15666,0,0
15750,0,0
15750,1,0
15750,3,0
15833,0,0
15916,1,0
16000,0,0
16000,2,0
16083,0,0
16166,2,0
16166,0,0
16166,1,0
16250,1,0
16333,0,0
16416,1,0
16500,3,0
16583,1,0
16666,2,0
16750,2,0
16750,0,0
16750,1,0
16833,3,0
16916,0,0
16916,1,0
17000,3,0
17083,0,0
17166,0,0
17166,1,0
17166,2,0
17250,3,0
17250,1,0
17250,0,0
17333,2,0
17333,1,0
17416,3,0
17500,0,0
17583,1,0
17666,2,0
17666,0,0
17750,0,0
17750,2,0
17750,1,0
17833,1,0
17916,1,0
18000,0,0
18083,0,0
18083,3,0
18166,2,0
18166,1,0
18250,1,0
18333,0,0
18333,3,0
18416,3,0
18500,3,0
18500,1,0
18583,0,0
18666,2,0
18666,3,0
18666,0,0
18750,3,0
18833,1,0
18833,3,0
18916,3,0
18916,2,0
19000,1,0
19000,3,0
19083,2,0
19083,3,0
19083,1,0
19166,3,0
19166,1,0
19250,0,0
19250,3,0
19333,0,0
19416,3,0
19416,1,0
19416,0,0
19500,3,0
19583,3,0
19666,0,0
19750,1,0
19750,2,0
19833,0,0
19916,1,0
19916,3,0
19999,2,0
20083,2,0
20083,1,0
20166,0,0
20166,1,0
20166,2,0
20249,3,0
20249,2,0
20333,1,0
20416,0,0
20416,1,0
20499,3,0
20499,0,0
20499,1,0
20583,2,0
20583,0,0
20666,2,0
20666,1,0
20749,3,0
20833,3,0
20916,3,0
20916,0,0
20916,1,0
20999,3,0
20999,0,0
20999,1,0
21083,3,0
21083,0,0
21166,1,0
21166,3,0
21249,3,0
21249,2,0
21333,1,0
21333,3,0
21416,2,0
21499,1,0
21499,3,0
21499,2,0
21583,2,0
21583,0,0
21583,3,0
21666,1,0
21749,2,0
21833,3,0
21916,2,0
21916,1,0
21999,1,0
22083,3,0
22166,3,0
22166,0,0
22249,0,0
22249,2,0
22333,3,0
22416,1,0
22416,3,0
22499,3,0
22499,1,0
22499,2,0
22583,0,0
22583,2,0
22666,3,0
22666,1,0
22666,0,0
22749,0,0
22749,1,0
22833,2,0
22833,1,0
22833,3,0
22916,3,0
22999,3,0
22999,0,0
22999,1,0
23083,0,0
23083,1,0
23166,3,0
23249,3,0
23333,1,0
23416,0,0
23416,3,0
23499,1,0
23583,0,0
23666,1,0
23749,2,0
23749,3,0
23749,0,0
23833,2,0
23833,3,0
23916,2,0
23999,1,0
24083,2,0
24083,3,0
24083,1,0
24166,1,0
24166,2,0
24166,0,0
24249,0,0
24333,0,0
24416,1,0
24416,2,0
24416,3,0
24499,1,0
24499,2,0
24583,1,0
24666,0,0
24749,0,0
24833,2,0
24833,3,0
24833,1,0
24916,2,0
24999,2,0
25083,1,0
25083,3,0
25166,0,0
25249,3,0
25333,3,0
25416,2,0
25416,0,0
25416,3,0
25499,2,0
25499,3,0
25583,3,0
25583,2,0
25666,2,0
25666,3,0
25749,2,0
25749,0,0
25833,0,0
25833,3,0
25916,1,0
25916,0,0
25916,3,0
25999,3,0
25999,1,0
25999,2,0
26083,0,0
26083,3,0
26166,2,0
26166,3,0
26249,0,0
26333,0,0
26416,3,0
26416,0,0
26416,2,0
26499,0,0
26499,3,0
26499,2,0
26583,3,0
26583,0,0
26583,2,0
26666,3,0
26749,1,0
26749,0,0
26833,0,0
26916,2,0
26916,1,0
26999,1,0
27083,0,0
27166,1,0
27166,2,0
27249,1,0
27249,3,0
27333,2,0
27333,0,0
27416,0,0
27416,2,0
27499,1,0
27499,3,0
27499,0,0
27583,0,0
27583,1,0
27666,1,0
27666,3,0
27749,0,0
27833,0,0
27833,1,0
27916,2,0
27999,2,0
28083,2,0
28083,0,0
28166,3,0
28166,2,0
28249,2,0
28333,1,0
28333,0,0
28333,3,0
28416,0,0
28499,3,0
28583,2,0
28666,1,0
28666,2,0
28749,3,0
28749,0,0
28749,1,0
28833,1,0
28833,0,0
28833,3,0
28916,0,0
28999,1,0
29083,0,0
29083,2,0
29083,1,0
29166,3,0
29166,0,0
29249,3,0
29249,1,0
29333,0,0
29333,3,0
29416,3,0
29416,2,0
29499,2,0
29583,3,0
29666,0,0
29749,1,0
29749,2,0
29833,3,0
29833,0,0
29833,1,0
29916,3,0
29916,2,0
29916,1,0
29999,0,0
29999,1,0
29999,3,0
30083,0,0
30083,3,0
30166,3,0
30249,2,0
30333,0,0
30333,3,0
30333,1,0
30416,0,0
30416,3,0
30499,0,0
30499,1,0
30499,2,0
30583,2,0
30583,0,0
30666,2,0
30666,1,0
30749,0,0
30833,0,0
30833,2,0
30916,3,0
30999,1,0
30999,3,0
31083,3,0
31083,0,0
31083,1,0
31166,3,0
31166,0,0
31166,1,0
31249,2,0
31249,0,0
31249,1,0
31333,1,0
31416,1,0
31416,3,0
31416,2,0
31499,0,0
31499,2,0
31583,1,0
31583,0,0
31666,1,0
31666,2,0
31749,0,0
31749,3,0
31833,2,0
31833,1,0
31833,3,0
31916,2,0
31916,1,0
31916,3,0
31999,0,0
31999,3,0
32083,2,0
32083,3,0
32083,0,0
32166,1,0
32166,2,0
32249,3,0
32333,2,0
32333,3,0
32416,3,0
32416,2,0
32499,2,0
32583,3,0
32583,0,0
32583,2,0
32666,1,0
32666,2,0
32666,3,0
32749,1,0
32833,3,0
32833,0,0
32916,2,0
32999,2,0
33083,2,0
33166,3,0
33249,3,0
33249,0,0
33333,2,0
33416,3,0
33416,2,0
33499,2,0
33583,2,0
33583,0,0
33666,1,0
33749,0,0
33749,1,0
33749,3,0
33833,0,0
33833,1,0
33916,1,0
33999,0,0
33999,2,0
34083,1,0
34166,0,0
34166,2,0
34249,2,0
34249,0,0
34249,1,0
34333,3,0
34333,0,0
34416,2,0
34499,3,0
34499,0,0
34499,1,0
34583,1,0
34583,0,0
34666,3,0
34666,1,0
34666,2,0
34749,0,0
34833,2,0
34833,3,0
34833,1,0
34916,3,0
34999,3,0
35083,2,0
35166,2,0
35166,0,0
35166,3,0
35249,3,0
35333,3,0
35333,2,0
35333,1,0
35416,2,0
35499,2,0
35499,1,0
35583,1,0
35666,1,0
35666,0,0
35666,3,0
35749,1,0
35749,3,0
35749,0,0
35833,3,0
35833,1,0
35916,2,0
35916,3,0
35916,1,0
35999,0,0
36083,0,0
36166,1,0
36166,2,0
36249,0,0
36249,3,0
36249,1,0
36333,1,0
36333,2,0
36416,2,0
36499,0,0
36583,2,0
36666,3,0
36749,0,0
36749,1,0
36749,3,0
36833,3,0
36833,0,0
36916,3,0
36999,3,0
36999,1,0
37083,0,0
37083,3,0
37083,1,0
37166,2,0
37166,0,0
37249,2,0
37249,0,0
37333,2,0
37333,3,0
37333,1,0
37416,3,0
37499,2,0
37583,2,0
37666,1,0
37749,0,0
37749,1,0
37833,1,0
37833,3,0
37916,2,0
37916,1,0
37916,3,0
37999,2,0
38083,1,0
38083,3,0
38166,1,0
38166,0,0
38249,1,0
38333,1,0
38416,0,0
38416,3,0
38416,1,0
38499,0,0
38583,2,0
38666,3,0
38666,0,0
38749,1,0
38833,2,0
38833,3,0
38833,0,0
38916,1,0
38916,0,0
38999,2,0
38999,3,0
38999,1,0
39083,0,0
39083,3,0
39083,1,0
39166,2,0
39166,3,0
39166,0,0
39250,3,0
39250,2,0
39333,0,0
39416,0,0
39500,0,0
39583,1,0
39666,1,0
39750,1,0
39750,3,0
39750,0,0
39833,3,0
39916,3,0
40000,0,0
40000,1,0
40000,2,0
40083,1,0
40166,0,0
40166,1,0
40250,2,0
40250,0,0
40333,2,0
40333,3,0
40416,2,0
40416,3,0
40416,1,0
40500,3,0
40583,1,0
40666,0,0
40750,0,0
40833,3,0
40833,1,0
40916,3,0
40916,1,0
40916,0,0
41000,0,0
41000,1,0
41083,0,0
41083,2,0
41166,0,0
41250,3,0
41250,2,0
41333,0,0
41416,0,0
41500,3,0
41583,0,0
41666,2,0
41750,1,0
41750,2,0
41833,0,0
41916,1,0
41916,0,0
41916,2,0
42000,1,0
42083,2,0
42083,1,0
42166,1,0
42166,3,0
42166,2,0
42250,3,0
42250,1,0
42333,1,0
42333,0,0
42416,0,0
42500,3,0
42583,2,0
42583,1,0
42583,3,0
42666,2,0
42750,2,0
42833,3,0
42916,3,0
43000,2,0
43083,2,0
43083,1,0
43083,0,0
43166,0,0
43250,3,0
43250,0,0
43333,3,0
43416,0,0
43416,3,0
43500,0,0
43583,1,0
43583,3,0
43666,2,0
43750,1,0
43750,3,0
43833,0,0
43916,3,0
43916,1,0
43916,2,0
44000,0,0
44083,0,0
44166,2,0
44166,0,0
44250,0,0
44333,0,0
44416,2,0
44416,1,0
44416,0,0
44500,2,0
44500,3,0
44500,1,0
44583,3,0
44583,1,0
44666,2,0
44666,1,0
44666,0,0
44750,2,0
44750,3,0
44833,0,0
44833,3,0
44916,3,0
45000,3,0
45083,0,0
45166,1,0
45250,1,0
45333,2,0
45333,0,0
45333,1,0
45416,2,0
45416,1,0
45416,3,0
45500,2,0
45583,0,0
45666,2,0
45750,3,0
45833,2,0
45916,3,0
46000,3,0
46000,2,0
46000,1,0
46083,2,0
46083,1,0
46083,0,0
46166,1,0
46166,3,0
46250,3,0
46333,2,0
46416,2,0
46416,3,0
46500,0,0
46500,2,0
46583,1,0
46666,0,0
46666,1,0
46750,2,0
46750,1,0
46833,3,0
46833,1,0
46833,0,0
46916,1,0
47000,0,0
47000,2,0
47000,3,0
47083,1,0
47166,2,0
47166,0,0
47250,2,0
47250,0,0
47333,0,0
47333,2,0
47416,1,0
47416,0,0
47500,2,0
47583,3,0
47583,2,0
47666,0,0
47666,2,0
47750,3,0
47750,1,0
47750,0,0
47833,3,0
47833,1,0
47833,0,0
47916,3,0
48000,2,0
48083,1,0
48166,2,0
48250,0,0
48333,2,0
48416,0,0
48500,2,0
48500,0,0
48500,3,0
48583,0,0
48666,1,0
48666,0,0
48750,1,0
48750,2,0
48833,3,0
48916,2,0
49000,2,0
49000,0,0
49083,1,0
49083,3,0
49083,2,0
49166,1,0
49250,1,0
49333,1,0
49333,0,0
49333,2,0
49416,3,0
49416,2,0
49416,0,0
49500,2,0
49500,1,0
49583,3,0
49666,0,0
49750,0,0
49833,3,0
49916,0,0
49916,1,0
50000,0,0
50083,1,0
50083,2,0
50083,3,0
50166,0,0
50250,3,0
50250,1,0
50333,0,0
50416,3,0
50500,3,0
50583,3,0
50583,2,0
50666,0,0
50750,2,0
50833,3,0
50833,0,0
50916,3,0
51000,0,0
51000,2,0
51083,3,0
51083,1,0
51083,2,0
51166,3,0
51166,1,0
51250,1,0
51250,2,0
51250,3,0
51333,1,0
51416,0,0
51416,2,0
51416,3,0
51500,1,0
51583,2,0
51666,0,0
51666,2,0
51666,1,0
51750,3,0
51750,2,0
51833,1,0
51916,1,0
52000,3,0
52083,1,0
52166,1,0
52166,2,0
52250,0,0
52333,2,0
52416,1,0
52500,3,0
52583,3,0
52666,1,0
52666,3,0
52750,3,0
52833,1,0
52833,2,0
52833,0,0
52916,0,0
52916,3,0
52916,1,0
53000,0,0
53083,3,0
53166,3,0
53166,2,0
53166,1,0
53250,0,0
53250,3,0
53250,2,0
53333,2,0
53416,0,0
53416,1,0
53500,3,0
53583,3,0
53666,3,0
53750,2,0
53833,2,0
53833,1,0
53916,1,0
53916,3,0
54000,3,0
54083,3,0
54083,1,0
54083,0,0
54166,3,0
54166,0,0
54166,2,0
54250,2,0
54250,0,0
54250,1,0
54333,1,0
54416,2,0
54416,3,0
54500,1,0
54500,2,0
54500,3,0
54583,0,0
54583,2,0
54666,3,0
54666,0,0
54666,2,0
54750,3,0
54833,0,0
54833,3,0
54916,0,0
54916,2,0
54916,3,0
55000,2,0
55083,2,0
55166,3,0
55250,0,0
55333,3,0
55333,0,0
55333,2,0
55416,2,0
55416,0,0
55416,3,0
55500,3,0
55583,2,0
55583,1,0
55666,2,0
55666,1,0
55750,2,0
55750,3,0
55750,1,0
55833,1,0
55916,0,0
55916,1,0
55916,2,0
56000,3,0
56083,2,0
56083,3,0
56083,1,0
56166,3,0
56166,1,0
56166,2,0
56250,1,0
56250,0,0
56250,2,0
56333,2,0
56416,3,0
56416,2,0
56500,0,0
56500,2,0
56500,3,0
56583,3,0
56583,1,0
56583,0,0
56666,1,0
56750,0,0
56833,2,0
56833,3,0
56916,3,0
56916,1,0
56916,2,0
57000,2,0
57000,1,0
57000,3,0
57083,0,0
57166,3,0
57250,2,0
57250,3,0
57333,0,0
57416,1,0
57416,3,0
57500,3,0
57583,2,0
57583,0,0
57666,2,0
57666,1,0
57750,2,0
57750,0,0
57833,2,0
57916,1,0
58000,3,0
58083,2,0
58083,1,0
58166,2,0
58250,1,0
58333,1,0
58416,1,0
58500,0,0
58500,1,0
58583,0,0
58666,2,0
58750,2,0
58750,0,0
58833,0,0
58916,0,0
58916,2,0
58916,3,0
59000,1,0
59000,2,0
59000,0,0
59083,1,0
59166,2,0
59250,2,0
59250,3,0
59250,1,0
59333,3,0
59416,0,0
59500,0,0
59583,0,0
59666,2,0
59666,1,0
59750,3,0
59750,2,0
59750,0,0
59833,0,0
59833,2,0
59916,0,0
60000,2,0
60083,1,0
60083,3,0
60166,0,0
60250,1,0
60333,1,0
60416,3,0
60500,0,0
60500,3,0
60500,2,0
60583,2,0
60583,0,0
60666,3,0
60666,1,0
60750,3,0
60750,0,0
60833,3,0
60916,2,0
60916,0,0
60916,3,0
61000,2,0
61083,2,0
61083,3,0
61166,2,0
61166,3,0
61166,1,0
61250,2,0
61333,0,0
61333,2,0
61416,2,0
61416,0,0
61500,3,0
61500,1,0
61583,3,0
61583,1,0
61583,0,0
61666,1,0
61666,0,0
61666,3,0
61750,3,0
61833,1,0
61833,2,0
61916,0,0
61916,2,0
62000,0,0
62083,3,0
62083,1,0
62166,2,0
62250,0,0
62250,1,0
62333,2,0
62333,1,0
62416,3,0
62500,0,0
62583,1,0
62583,2,0
62666,0,0
62750,3,0
62750,2,0
62833,1,0
62916,3,0
63000,0,0
63083,0,0
63166,0,0
63166,2,0
63166,3,0
63250,3,0
63333,2,0
63416,0,0
63416,2,0
63416,3,0
63500,3,0
63500,2,0
63500,1,0
63583,1,0
63666,1,0
63666,2,0
63666,3,0
63750,1,0
63750,0,0
63750,2,0
63833,1,0
63916,1,0
63916,2,0
63916,3,0
64000,0,0
64000,1,0
64083,0,0
64166,1,0
64166,3,0
64166,0,0
64250,1,0
64250,3,0
64333,3,0
64333,0,0
64416,2,0
64416,0,0
64416,3,0
64500,3,0
64500,2,0
64583,3,0
64583,0,0
64583,2,0
64666,2,0
64666,1,0
64750,2,0
64750,1,0
64750,3,0
64833,2,0
64833,3,0
64833,1,0
64916,0,0
64916,2,0
65000,0,0
65083,3,0
65083,0,0
65083,1,0
65166,1,0
65250,2,0
65333,1,0
65333,2,0
65416,1,0
65500,0,0
65583,0,0
65583,1,0
65583,3,0
65666,0,0
65750,1,0
65750,3,0
65833,1,0
65833,2,0
65916,2,0
65916,0,0
66000,2,0
66083,1,0
66083,0,0
66166,0,0
66166,2,0
66250,2,0
66333,3,0
66416,2,0
66416,3,0
66416,0,0
66500,1,0
66500,2,0
66500,3,0
66583,3,0
66583,1,0
66666,0,0
66750,1,0
66833,2,0
66916,2,0
66916,1,0
67000,1,0
67083,3,0
67166,1,0
67250,0,0
67333,0,0
67333,1,0
67416,3,0
67500,0,0
67500,1,0
67500,3,0
67583,3,0
67666,2,0
67750,0,0
67750,1,0
67833,0,0
67833,2,0
67833,3,0
67916,2,0
68000,0,0
68000,3,0
68083,3,0
68083,2,0
68166,2,0
68250,3,0
68250,0,0
68333,3,0
68333,2,0
68333,0,0
68416,2,0
68500,2,0
68583,2,0
68666,0,0
68750,1,0
68750,2,0
68833,2,0
68916,1,0
69000,0,0
69000,1,0
69083,2,0
69083,0,0
69166,1,0
69250,3,0
69333,3,0
69416,1,0
69416,0,0
69500,2,0
69500,0,0
69583,1,0
69583,2,0
69666,2,0
69666,1,0
69750,0,0
69750,2,0
69833,0,0
69833,2,0
69916,0,0
69916,2,0
70000,3,0
70083,0,0
70083,3,0
70166,2,0
70166,1,0
70166,3,0
70250,0,0
70250,2,0
70250,3,0
70333,3,0
70416,2,0
70416,3,0
70416,1,0
70500,2,0
70500,1,0
70500,3,0
70583,3,0
70583,1,0
70666,2,0
70666,3,0
70750,2,0
70833,0,0
70833,1,0
70916,2,0
70916,0,0
70916,1,0
71000,3,0
71083,0,0
71083,2,0
71083,3,0
71166,2,0
71166,0,0
71166,3,0
71250,3,0
71250,0,0
71333,0,0
71416,3,0
71416,0,0
71416,1,0
71500,1,0
71583,3,0
71583,2,0
71666,2,0
71666,1,0
71750,0,0
71750,1,0
71833,2,0
71833,1,0
71916,3,0
72000,1,0
72083,2,0
72166,0,0
72250,0,0
72333,0,0
72333,1,0
72416,3,0
72416,2,0
72500,2,0
72500,1,0
72583,2,0
72666,0,0
72750,0,0
72833,1,0
72916,0,0
72916,2,0
73000,2,0
73083,1,0
73083,0,0
73166,0,0
73166,2,0
73250,0,0
73250,2,0
73333,1,0
73333,2,0
73416,3,0
73500,3,0
73500,2,0
73500,1,0
73583,3,0
73583,0,0
73583,2,0
73666,2,0
73666,0,0
73750,2,0
73833,3,0
73916,2,0
73916,1,0
74000,1,0
74000,3,0
74083,2,0
74166,3,0
74250,1,0
74250,2,0
74250,3,0
74333,2,0
74333,3,0
74416,2,0
74500,1,0
74500,3,0
74583,1,0
74666,0,0
74750,0,0
74750,3,0
74833,2,0
74916,0,0
75000,1,0
75000,0,0
75083,2,0
75166,2,0
75250,2,0
75333,2,0
75416,3,0
75416,0,0
75500,3,0
75500,0,0
75500,2,0
75583,3,0
75583,0,0
75583,2,0
75666,3,0
75666,2,0
75750,3,0
75750,0,0
75833,3,0
75833,0,0
75916,3,0
75916,0,0
76000,3,0
76083,3,0
76166,0,0
76250,3,0
76250,2,0
76250,1,0
76333,3,0
76333,2,0
76333,1,0
76416,3,0
76416,1,0
76500,2,0
76500,1,0
76583,2,0
76583,3,0
76666,3,0
76750,0,0
76750,1,0
76750,2,0
76833,3,0
76916,0,0
76916,2,0
77000,1,0
77000,3,0
77000,2,0
77083,1,0
77083,0,0
77166,1,0
77250,2,0
77333,3,0
77416,3,0
77416,0,0
77416,2,0
77500,3,0
77500,1,0
77583,2,0
77583,0,0
77666,0,0
77750,1,0
77833,0,0
77833,2,0
77833,1,0
77916,2,0
78000,2,0
78000,3,0
78083,3,0
78166,0,0
78166,2,0
78166,1,0
78250,0,0
78250,3,0
78333,2,0
78333,0,0
78416,0,0
78416,3,0
78500,1,0
78500,3,0
78583,0,0
78666,3,0
78750,2,0
78750,1,0
78833,1,0
78833,3,0
78916,0,0
78916,1,0
78999,1,0
78999,2,0
79083,3,0
79166,3,0
79166,1,0
79166,0,0
79249,3,0
79333,0,0
79416,0,0
79499,3,0
79583,2,0
79666,3,0
79749,0,0
79749,2,0
79749,3,0
79833,2,0
79833,3,0
79916,1,0
79916,2,0
79999,1,0
80083,1,0
80083,3,0
80083,2,0
80166,1,0
80166,2,0
80249,0,0
80333,2,0
80333,1,0
80416,3,0
80499,2,0
80499,1,0
80499,3,0
80583,3,0
80666,1,0
80666,0,0
80666,3,0
80749,1,0
80749,3,0
80749,0,0
80833,3,0
80916,1,0
80916,2,0
80999,1,0
80999,0,0
81083,0,0
81166,1,0
81249,0,0
81249,2,0
81249,1,0
81333,1,0
81333,2,0
81416,0,0
81416,1,0
81499,3,0
81499,2,0
81583,1,0
81583,2,0
81666,2,0
81666,3,0
81749,0,0
81749,3,0
81749,1,0
81833,3,0
81833,2,0
81916,2,0
81999,1,0
82083,1,0
82166,2,0
82249,0,0
82249,2,0
82333,1,0
82416,0,0
82416,3,0
82499,0,0
82583,2,0
82583,0,0
82666,1,0
82666,3,0
82749,1,0
82749,3,0
82833,1,0
82833,0,0
82833,3,0
82916,1,0
82999,1,0
83083,0,0
83083,3,0
83166,3,0
83166,0,0
83249,2,0
83333,2,0
83333,1,0
83333,0,0
83416,2,0
83499,3,0
83499,0,0
83499,1,0
83583,3,0
83583,1,0
83583,0,0
83666,3,0
83666,2,0
83749,3,0
83833,1,0
83833,0,0
83916,3,0
83999,1,0
83999,2,0
84083,1,0
84166,1,0
84166,3,0
84166,0,0
84249,1,0
84333,3,0
84416,2,0
84416,1,0
84416,3,0
84499,1,0
84499,2,0
84583,2,0
84583,3,0
84583,0,0
84666,3,0
84749,1,0
84749,2,0
84833,2,0
84833,0,0
84833,3,0
84916,3,0
84916,1,0
84999,1,0
85083,2,0
85166,3,0
85166,1,0
85249,3,0
85249,2,0
85333,1,0
85333,2,0
85416,2,0
85499,1,0
85499,0,0
85583,3,0
85583,0,0
85666,3,0
85666,1,0
85749,0,0
85833,1,0
85916,0,0
85916,2,0
85916,3,0
85999,3,0
85999,1,0
86083,0,0
86083,3,0
86166,1,0
86249,2,0
86249,1,0
86333,1,0
86416,0,0
86416,3,0
86499,2,0
86499,1,0
86583,0,0
86666,0,0
86666,1,0
86749,1,0
86833,0,0
86833,1,0
86916,2,0
86916,0,0
86916,3,0
86999,2,0
87083,2,0
87083,3,0
87166,3,0
87249,2,0
87333,0,0
87333,2,0
87333,1,0
87416,2,0
87416,3,0
87499,3,0
87499,2,0
87583,2,0
87583,1,0
87583,3,0
87666,1,0
87666,3,0
87749,3,0
87749,1,0
87749,0,0
87833,0,0
87833,2,0
87833,3,0
87916,1,0
87916,3,0
87999,1,0
88083,2,0
88166,1,0
88249,2,0
88333,1,0
88416,1,0
88416,2,0
88416,3,0
88499,0,0
88583,1,0
88583,3,0
88583,0,0
88666,0,0
88666,1,0
88749,1,0
88749,2,0
88749,3,0
88833,0,0
88833,1,0
88916,1,0
88916,3,0
88999,0,0
89083,2,0
89083,3,0
89083,0,0
89166,2,0
89166,1,0
89166,3,0
89249,0,0
89333,0,0
89416,0,0
89499,2,0
89583,2,0
89583,3,0
89583,1,0
89666,0,0
89666,2,0
89749,1,0
89833,1,0
89916,2,0
89916,0,0
89999,0,0
90083,1,0
90166,1,0
90166,0,0
90249,0,0
90333,2,0
90333,1,0
90416,3,0
90416,0,0
90499,1,0
90499,3,0
90583,0,0
90583,1,0
90583,2,0
90666,0,0
90666,1,0
90666,2,0
90749,3,0
90749,1,0
90749,2,0
90833,2,0
90833,3,0
90916,2,0
90916,0,0
90999,2,0
91083,3,0
91166,3,0
91166,0,0
91166,1,0
91249,1,0
91249,3,0
91333,3,0
91333,1,0
91416,0,0
91499,3,0
91583,1,0
91583,3,0
91583,2,0
91666,3,0
91749,3,0
91749,2,0
91833,3,0
91833,1,0
91833,0,0
91916,3,0
91916,2,0
91999,2,0
92083,1,0
92083,0,0
92083,2,0
92166,3,0
92249,1,0
92249,0,0
92249,2,0
92333,3,0
92333,2,0
92333,0,0
92416,2,0
92499,0,0
92499,2,0
92583,0,0
92583,1,0
92666,2,0
92666,1,0
92666,0,0
92749,2,0
92833,1,0
92916,1,0
92999,0,0
93083,1,0
93083,2,0
93166,0,0
93166,3,0
93166,2,0
93249,0,0
93333,3,0
93333,0,0
93416,2,0
93416,3,0
93499,0,0
93583,2,0
93666,1,0
93666,2,0
93749,2,0
93833,2,0
93916,2,0
93999,3,0
93999,1,0
94083,3,0
94166,0,0
94166,2,0
94249,3,0
94249,2,0
94249,0,0
94333,1,0
94333,3,0
94333,0,0
94416,2,0
94416,3,0
94416,1,0
94499,0,0
94499,1,0
94499,2,0
94583,0,0
94583,2,0
94666,0,0
94666,2,0
94666,1,0
94749,0,0
94749,3,0
94749,2,0
94833,2,0
94833,0,0
94916,3,0
94916,2,0
94916,1,0
94999,2,0
94999,0,0
95083,0,0
95166,3,0
95166,0,0
95166,1,0
95249,0,0
95333,0,0
95333,1,0
95416,0,0
95416,1,0
95416,2,0
95499,2,0
95583,2,0
95666,0,0
95666,2,0
95666,1,0
95749,0,0
95749,1,0
95833,1,0
95916,2,0
95916,3,0
95999,0,0
96083,1,0
96083,2,0
96083,3,0
96166,1,0
96249,3,0
96333,0,0
96333,2,0
96416,0,0
96416,2,0
96499,3,0
96583,0,0
96583,2,0
96583,1,0
96666,3,0
96666,2,0
96749,1,0
96749,3,0
96833,2,0
96833,3,0
96833,1,0
96916,1,0
96999,2,0
97083,2,0
97166,0,0
97249,0,0
97249,3,0
97333,2,0
97333,0,0
97333,3,0
97416,3,0
97499,0,0
97583,0,0
97583,3,0
97666,3,0
97666,1,0
97666,0,0
97749,0,0
97833,3,0
97916,1,0
97916,2,0
97999,0,0
97999,1,0
98083,2,0
98083,0,0
98166,0,0
98249,1,0
98333,2,0
98416,1,0
98416,2,0
98499,0,0
98583,3,0
98583,0,0
98583,1,0
98666,3,0
98749,0,0
98833,2,0
98916,1,0
98999,2,0
99083,3,0
99166,1,0
99166,0,0
99249,1,0
99333,1,0
99416,2,0
99499,0,0
99499,1,0
99499,2,0
99583,0,0
99583,2,0
99666,2,0
99666,1,0
99749,3,0
99833,2,0
99916,2,0
99916,3,0
99999,0,0
100083,0,0
100166,0,0
100166,3,0
100249,2,0
100249,1,0
100333,2,0
100333,0,0
100333,3,0
100416,0,0
100416,3,0
100499,3,0
100499,1,0
100583,1,0
100666,1,0
100666,2,0
100749,2,0
100749,1,0
100833,2,0
100833,3,0
100916,2,0
100916,1,0
100999,1,0
101083,1,0
101083,0,0
101166,1,0
101249,3,0
101333,2,0
101416,0,0
101416,3,0
101499,1,0
101583,3,0
101666,0,0
101749,0,0
101749,1,0
101833,3,0
101833,0,0
101916,1,0
101999,0,0
102083,2,0
102166,0,0
102249,3,0
102333,3,0
102416,2,0
102416,0,0
102416,1,0
102499,1,0
102583,0,0
102666,0,0
102749,1,0
102749,2,0
102749,3,0
102833,3,0
102916,2,0
102916,0,0
102999,2,0
103083,3,0
103083,0,0
103166,1,0
103166,0,0
103166,3,0
103249,2,0
103249,0,0
103333,1,0
103416,3,0
103499,3,0
103583,0,0
103583,1,0
103583,2,0
103666,1,0
103666,2,0
103666,3,0
103749,0,0
103749,3,0
103749,2,0
103833,0,0
103833,3,0
103833,1,0
103916,3,0
103916,1,0
103916,0,0
103999,3,0
104083,3,0
104083,0,0
104166,1,0
104249,1,0
104333,1,0
104333,3,0
104416,1,0
104499,1,0
104583,0,0
104666,2,0
104666,0,0
104749,1,0
104833,3,0
104833,0,0
104916,2,0
104916,0,0
104999,0,0
105083,0,0
105166,1,0
105166,3,0
105166,0,0
105249,3,0
105333,1,0
105333,2,0
105416,0,0
105416,2,0
105416,1,0
105499,0,0
105499,3,0
105583,3,0
105583,1,0
105583,2,0
105666,3,0
105749,1,0
105833,1,0
105833,3,0
105833,2,0
105916,3,0
105999,1,0
105999,3,0
106083,3,0
106083,2,0
106166,0,0
106166,1,0
106249,0,0
106333,3,0
106333,0,0
106416,3,0
106416,1,0
106499,2,0
106499,3,0
106583,2,0
106583,1,0
106666,0,0
106666,2,0
106749,2,0
106749,3,0
106749,0,0
106833,3,0
106833,2,0
106916,2,0
106916,3,0
106999,3,0
106999,1,0
106999,2,0
107083,2,0
107083,0,0
107166,3,0
107166,2,0
107249,3,0
107249,2,0
107249,0,0
107333,1,0
107333,2,0
107333,3,0
107416,3,0
107416,2,0
107416,0,0
107499,3,0
107499,0,0
107583,2,0
107666,1,0
107666,2,0
107749,1,0
107833,3,0
107833,2,0
107833,1,0
107916,2,0
107999,0,0
108083,1,0
108083,0,0
108083,3,0
108166,1,0
108249,1,0
108249,0,0
108249,3,0
108333,1,0
108416,1,0
108416,2,0
108416,3,0
108499,2,0
108499,3,0
108499,1,0
108583,1,0
108666,2,0
108749,2,0
108749,3,0
108833,0,0
108833,1,0
108833,3,0
108916,3,0
108916,2,0
108916,0,0
108999,1,0
109083,1,0
109166,1,0
109166,3,0
109166,2,0
109249,3,0
109333,0,0
109416,3,0
109416,1,0
109416,0,0
109499,0,0
109583,2,0
109666,0,0
109666,2,0
109749,1,0
109833,0,0
109833,3,0
109916,0,0
109916,2,0
109999,3,0
110083,2,0
110083,3,0
110166,0,0
110249,0,0
110333,2,0
110416,0,0
110416,2,0
110499,3,0
110499,1,0
110583,1,0
110583,2,0
110666,3,0
110666,0,0
110749,1,0
110749,2,0
110833,2,0
110833,0,0
110833,1,0
110916,3,0
110999,0,0
110999,2,0
111083,1,0
111166,1,0
111166,3,0
111249,1,0
111249,2,0
111333,1,0
111416,0,0
111499,2,0
111499,1,0
111583,3,0
111666,3,0
111749,1,0
111833,0,0
111833,2,0
111916,2,0
111916,0,0
111999,0,0
112083,0,0
112083,3,0
112166,3,0
112249,0,0
112249,2,0
112333,3,0
112333,0,0
112333,2,0
112416,2,0
112416,1,0
112499,3,0
112583,2,0
112583,3,0
112666,1,0
112666,3,0
112666,0,0
112749,2,0
112833,0,0
112916,2,0
112916,1,0
112916,0,0
112999,1,0
113083,3,0
113083,0,0
113083,2,0
113166,0,0
113166,1,0
113166,3,0
113249,1,0
113333,1,0
113416,2,0
113416,3,0
113499,2,0
113499,1,0
113583,0,0
113583,3,0
113666,0,0
113666,2,0
113749,3,0
113833,3,0
113916,1,0
113916,3,0
113916,0,0
113999,0,0
114083,0,0
114166,0,0
114166,3,0
114249,3,0
114249,2,0
114249,1,0
114333,3,0
114333,0,0
114333,1,0
114416,3,0
114416,2,0
114499,2,0
114499,0,0
114583,1,0
114583,2,0
114666,3,0
114666,2,0
114666,0,0
114749,0,0
114833,3,0
114916,3,0
114916,0,0
114999,0,0
114999,1,0
114999,2,0
115083,2,0
115166,2,0
115166,1,0
115249,2,0
115333,1,0
115333,0,0
115333,2,0
115416,0,0
115416,2,0
115499,3,0
115499,1,0
115583,1,0
115666,2,0
115749,0,0
115749,3,0
115833,0,0
115916,3,0
115916,1,0
115999,3,0
116083,0,0
116166,1,0
116166,3,0
116249,0,0
116249,3,0
116333,2,0
116416,0,0
116416,1,0
116416,3,0
116499,2,0
116499,3,0
116583,3,0
116583,1,0
116666,3,0
116749,1,0
116749,0,0
116833,1,0
116833,3,0
116833,2,0
116916,3,0
116916,1,0
116999,3,0
116999,2,0
117083,3,0
117166,3,0
117166,1,0
117249,1,0
117333,3,0
117333,0,0
117416,0,0
117416,2,0
117416,1,0
117499,2,0
117499,3,0
117499,0,0
117583,3,0
117583,2,0
117666,0,0
117666,3,0
117666,2,0
117749,0,0
117833,2,0
117916,0,0
117999,3,0
117999,2,0
117999,0,0
118083,0,0
118083,1,0
118166,3,0
118249,3,0
118249,1,0
118249,2,0
118333,0,0
118416,0,0
118499,2,0
118583,2,0
118583,0,0
118666,0,0
118749,1,0
118833,0,0
118833,1,0
118833,3,0
118916,3,0
118999,0,0
118999,3,0
118999,2,0
119083,3,0
119166,0,0
119166,3,0
119166,1,0
119249,3,0
119333,3,0
119333,1,0
119416,3,0
119499,1,0
119583,3,0
119666,2,0
119666,3,0
119749,1,0
119749,2,0
119749,3,0
119833,1,0
119833,2,0
119916,2,0
119916,0,0
119999,2,0
119999,0,0
119999,3,0
120083,3,0
120083,1,0
120166,2,0
120249,0,0
120333,2,0
120333,1,0
120333,0,0
120416,3,0
120416,0,0
120499,0,0
120583,3,0
120583,2,0
120666,3,0
120666,0,0
120749,0,0
120833,3,0
120916,0,0
120999,3,0
121083,0,0
121083,2,0
121166,0,0
121249,2,0
121249,3,0
121249,1,0
121333,0,0
121416,2,0
121499,2,0
121499,1,0
121583,1,0
121666,3,0
121749,3,0
121749,2,0
121833,2,0
121833,3,0
121833,1,0
121916,3,0
121999,0,0
121999,2,0
122083,2,0
122083,1,0
122083,3,0
122166,3,0
122249,1,0
122333,0,0
122416,2,0
122499,2,0
122499,0,0
122499,3,0
122583,3,0
122583,1,0
122583,0,0
122666,2,0
122749,1,0
122749,2,0
122749,3,0
122833,3,0
122833,2,0
122916,0,0
122916,2,0
122999,1,0
122999,3,0
123083,3,0
123166,0,0
123166,3,0
123249,3,0
123249,0,0
123333,2,0
123333,3,0
123333,0,0
123416,3,0
123416,0,0
123499,3,0
123499,2,0
123499,0,0
123583,3,0
123583,0,0
123666,1,0
123749,1,0
123749,0,0
123833,1,0
123833,0,0
123833,2,0
123916,3,0
123916,2,0
123999,1,0
123999,0,0
123999,3,0
124083,1,0
124166,1,0
124166,2,0
124249,1,0
124333,3,0
124333,0,0
124333,2,0
124416,1,0
124416,2,0
124499,0,0
124583,3,0
124583,2,0
124666,3,0
124749,3,0
124749,0,0
124833,2,0
124916,1,0
124999,3,0
125083,0,0
125166,2,0
125166,1,0
125249,2,0
125333,1,0
125416,1,0
125499,0,0
125583,2,0
125583,1,0
125666,0,0
125666,1,0
125666,3,0
125749,0,0
125749,2,0
125833,0,0
125916,0,0
125916,2,0
125999,2,0
125999,1,0
126083,0,0
126083,1,0
126083,3,0
126166,1,0
126166,3,0
126249,2,0
126249,1,0
126249,3,0
126333,3,0
126416,1,0
126499,2,0
126583,2,0
126583,1,0
126666,3,0
126749,3,0
126749,0,0
126833,0,0
126833,1,0
126916,0,0
126999,0,0
127083,1,0
127083,0,0
127166,1,0
127249,1,0
127333,0,0
127416,0,0
127416,3,0
127416,1,0
127499,0,0
127583,0,0
127583,3,0
127666,0,0
127666,2,0
127749,1,0
127749,0,0
127833,2,0
127916,2,0
127916,3,0
127999,3,0
128083,2,0
128083,0,0
128083,1,0
128166,2,0
128249,0,0
128333,3,0
128333,0,0
128333,1,0
128416,0,0
128416,1,0
128499,1,0
128499,2,0
128499,0,0
128583,0,0
128583,1,0
128666,2,0
128749,3,0
128749,1,0
128749,2,0
128833,1,0
128916,2,0
128916,3,0
128999,1,0
128999,2,0
129083,1,0
129083,0,0
129166,2,0
129166,0,0
129249,1,0
129333,3,0
129333,2,0
129333,0,0
129416,2,0
129499,1,0
129583,0,0
129666,1,0
129666,3,0
129749,1,0
129749,0,0
129833,2,0
129833,3,0
129916,3,0
129916,1,0
129999,1,0
130083,1,0
130083,0,0
130083,2,0
130166,2,0
130166,3,0
130166,0,0
130249,2,0
130333,2,0
130333,1,0
130333,0,0
130416,1,0
130499,0,0
130583,1,0
130583,2,0
130583,3,0
130666,1,0
130749,3,0
130749,2,0
130749,1,0
130833,3,0
130833,2,0
130833,1,0
130916,3,0
130916,2,0
130999,3,0
130999,2,0
131083,1,0
131083,0,0
131083,2,0
131166,2,0
131249,0,0
131333,2,0
131333,1,0
131333,0,0
131416,2,0
131416,1,0
131499,3,0
131499,2,0
131499,1,0
131583,2,0
131666,3,0
131666,2,0
131666,0,0
131749,0,0
131833,3,0
131916,0,0
131916,3,0
131916,1,0
131999,0,0
131999,2,0
132083,1,0
132083,0,0
132166,0,0
132166,3,0
132249,1,0
132333,3,0
132333,2,0
132416,3,0
132416,1,0
132416,0,0
132499,1,0
132583,3,0
132583,2,0
132666,2,0
132749,1,0
132833,0,0
132833,3,0
